hashtag,freq
#informaconnectacademy,1599
#informaconnect,397
#evenmorecareergrowth,214
#upskilling,206
#professionalcourses,118
#evenmoreinspired,88
#courses,85
#digitalmarketing,85
#workplaceculture,84
#uploaddigital,83
#projectmanagement,82
#leadership,79
#39,75
#finance,70
#riskmanagement,60
#projectriskmanagement,55
#efqm,54
#careergrowth,54
#strategy,52
#somethingsbrewing,50
#impactbyupload,48
#businessprocessmanagement,47
#hrtips,44
#ai,43
#somethingbrewing,43
#employeerecognition,42
#mentorshipmatters,42
#projectmanagementtraining,42
#interviewingskills,42
#workplaceproductivity,42
#futureskills,42
#sustainability,41
#socialmedia,41
#leadershipdevelopment,40
#hr,39
#ref,38
#webinar,36
#digitalproduct,35
#publicspeaking,35
#ica,34
#grc,34
#situationalleadership,34
#governance,34
#brewbetter,28
#skillsdevelopment,28
#audit,27
#testimonial,27
#confidencebuilding,27
#communicationskills,26
#freewebinar,25
#professionaldevelopment,25
#arifahmed,23
#professionalgrowth,23
#onlinetraining,23
#franklincovey,22
#financecourses,22
#compliance,22
#procurement,21
#trainerinfocus,21
#productmanagement,21
#abpmp,21
#communication,20
#marketingstrategy,20
#balancedscorecard,19
#learninganddevelopment,19
#pmi,19
#pmp,19
#hrse,19
#233,18
#1,17
#futureofwork,17
#apics,17
#uae,17
#talentmanagement,17
#publicrelations,17
#robertmosley,16
#acca,16
#manojchiba,16
#happyholidays,16
#aipmm,16
#workforcemanagement,16
#strategiccommunication,15
#professionalupskilling,15
#tipsandtricks,15
#3,15
#heading,15
#internalcommunication,15
#dataanalysis,15
#ilm,15
#policywriting,15
#aipromptwriting,15
#digitalfinance,15
#partners,15
#lloydsmaritimeacademy,15
#maritimecourses,15
#upskillnow,15
#nationalday,15
#innovation,15
#seo,14
#contentmarketing,14
#coffeeloversindia,14
#upskill,14
#trainthetrainer,14
#instructionaldesign,14
#businessresilience,14
#okr,14
#growth,14
#prstrategy,14
#procedures,14
#machinelearning,14
#performanceimprovement,14
#sustainablebusiness,14
#fintech,14
#financeprofessionals,14
#meetthetrainer,14
#hrcertification,14
#futureofhr,14
#projectcoordinator,14
#tendering,14
#cbpa,14
#processimprovement,14
#uae53,14
#spiritoftheunion,14
#performancemanagement,14
#organisationalexcellence,14
#bpm,14
#course,13
#n,13
#coffeegearindia,13
#llm,13
#techlaw,13
#medialaw,13
#telecomlaw,13
#excelskills,13
#dubai,13
#doha,13
#requirementsmanagement,13
#risk,13
#digitalhr,13
#hrtransformation,13
#cybersecurity,13
#informationsecurity,13
#dataprotection,13
#internalcomms,13
#employeeengagement,13
#enterpriseriskmanagement,13
#datascience,13
#dataanalytics,13
#sphri,13
#itstrategy,13
#businessalignment,13
#businessimprovement,13
#businessgrowth,13
#operationalresilience,13
#assessment,13
#productmarketing,13
#globalstandards,13
#hrsummitandexpo,13
#customlearning,12
#coffeecommunity,12
#careerdevelopment,11
#brewlikeapro,11
#modelriskmanagement,11
#500,10
#cxo,10
#digitaltransformation,10
#compensationandbenefits,10
#evenmorelearning,10
#2,10
#espressoathome,10
#coffeegear,10
#cls,10
#lpi,10
#trainer,9
#iasp,9
#internalaudit,9
#evenmoreupskilling,9
#homebarista,9
#homebrewing,9
#coffeelife,9
#workforcedevelopment,8
#techjobs,8
#marketing,8
#socialmediamarketing,8
#eidaladha,8
#ifftraining,8
#sustainablemarketing,8
#saudiarabianationalday,8
#sustainablehr,7
#law,7
#online,7
#postgraduate,7
#itcourses,7
#kpis,7
#riskbased,7
#socialmediamarketingcourse,7
#informaconnectmarketing,7
#businessacumen,7
#compensationprofessionals,7
#masterclass,7
#certification,7
#career,7
#4,7
#176,7
#budangear,7
#specialtycoffeeindia,7
#coffeetips,7
#productlifecycle,7
#recruitmenttraining,7
#2025goals,7
#certifr,7
#financialreporting,7
#elearning,7
#freecourses,7
#cpesuccess,7
#learningsurvey,7
#lpi2024,7
#middleeast,7
#ldtransformation,7
#operationalexcellence,7
#productivity,6
#lifelonglearning,6
#amsterdam,6
#gafm,6
#enterprisesustainabilitycourse,6
#succession,6
#learning,6
#development,6
#adagency,6
#adagencyindia,6
#adagencybangalore,6
#brewathome,6
#coffeetools,6
#homebrewingindia,6
#middlesexuniversity,6
#trilliondollarclub,6
#elonmusk,6
#adani,6
#informamea,6
#trillionnaire,6
#certifrs,6
#humanresources,5
#hrinnovation,5
#supplychain,5
#nasbacertified,5
#balancedscorecardprofessional,5
#planning,5
#data,5
#skills,5
#negotiationskills,5
#supplychainprocurement,5
#impact,5
#branding,5
#spkrbynimimehta,5
#websitedesign,5
#sustainablebrands,5
#manualbrewing,5
#brewyourway,5
#coffeemachineindia,5
#pmoe,5
#mena,5
#negotiation,4
#construction,4
#hrcourses,4
#ramadan,4
#nasba,4
#certifiedcourses,4
#bsi,4
#informaconnectmiddleeast,4
#uaenationalday,4
#designtips,4
#sustainabilitymarketing,4
#webdesign,4
#design,4
#marketingagency,4
#budanbrews,4
#baristaathome,4
#coffeeroutine,4
#coffeesetup,4
#homebrewlife,4
#homecafevibes,4
#coffeeathome,4
#coffeerituals,4
#specialtycoffee,4
#efqmmodel,4
#leadershipexcellence,4
#upskillyourcareer,4
#food,3
#global,3
#legistlation,3
#webinarseries,3
#summer,3
#summersale,3
#womensday,3
#worldatwork,3
#accounting,3
#5,3
#colorpsychology,3
#creativityunleashed,3
#designinnovation,3
#designinmotion,3
#visualstorytelling,3
#instagramfeature,3
#beyondsustainability,3
#comingsoon,3
#designagency,3
#fonts,3
#climatehires,3
#haircare,3
#designcommunity,3
#typography,3
#budanespresso,3
#coffeelovers,3
#easybrewing,3
#coffeemadeeasy,3
#coffeeanywhere,3
#lelitanna,3
#homebaristalife,3
#grindfresh,3
#dailybrew,3
#morningcoffee,3
#cremagoals,3
#brewityourway,3
#coffeeritual,3
#manualbrewtools,3
#budanonetouch,3
#coffeetime,3
#frenchpressfest,3
#coffeeaddict,3
#podcoffee,3
#groundcoffee,3
#thirdwavecoffee,3
#coffeestationgoals,3
#indiancoffeeculture,3
#manualbrewingindia,3
#automaticcoffeemachine,3
#somethingbrewingindia,3
#manualbrewingtools,3
#indiancoffeescene,3
#forbiddencoffee,3
#manualbrew,3
#brewingtips,3
#coffeejourney,3
#brewingessentials,3
#careers,3
#learninglive,3
#leadershipandwellbeing,2
#hrseksa,2
#networking,2
#hrconference,2
#webinars,2
#eidmubarak,2
#ramadankareem,2
#internationalwomensday,2
#employeebenefits,2
#compandben,2
#globalrewards,2
#worldatworkmena,2
#logisticsprofessional,2
#supplychainmanagement,2
#emailefficiency,2
#projectaudit,2
#contractaudit,2
#sharon,2
#auditcourses,2
#riskandgovernance,2
#associationforsupplychainmanagement,2
#goalsetting,2
#financecareer,2
#associationofcharteredaccountants,2
#frauddetection,2
#fraudprevention,2
#eddyabouchakra,2
#leadershiptraining,2
#cpd,2
#automationforfinance,2
#celebrating30years,2
#52ndnationalday,2
#legalcourse,2
#contractlaw,2
#specialoffer,2
#pmicertification,2
#agile,2
#cma,2
#financialleadership,2
#aipromptengineering,2
#certifiedproductmanager,2
#productmarketingmanager,2
#allanlarsen,2
#charteredengineering,2
#uaeflagday,2
#gulfnews,2
#associationfortalentdevelopment,2
#ramiitani,2
#strategyandinnovation,2
#blockchaintrainingalliance,2
#balancedscorecardinstitute,2
#digitallearning,2
#learningmindset,2
#tomraftery,2
#hrtraining,2
#informaconnectmea,2
#evenmoreproductive,2
#wfhproductivity,2
#evenmoreengaged,2
#talentacquisition,2
#henryford,2
#stevejobs,2
#evenmoregrowth,2
#evenmoresuccess,2
#upskillyourteam,2
#hrobserver,2
#e,2
#designfacts,2
#brandidentity,2
#logoredesign,2
#marketingmistakes,2
#designinsights,2
#unexpectedaesthetics,2
#moodboard,2
#gid,2
#designtrends,2
#designinspiration,2
#sustainable,2
#adobeillustrator,2
#theearthcollective,2
#greenearth,2
#hiring,2
#bangalorejobs,2
#desginagency,2
#climatetech,2
#creativeprocess,2
#lifestylebytec,2
#hairgoals,2
#brandingdesign,2
#climatechange,2
#152427,2
#244342,2
#4d9d95,2
#52c5c7,2
#7d9da4,2
#e8eeef,2
#340b0b,2
#167a81,2
#8c1c16,2
#ab2626,2
#a23841,2
#c36767,2
#d94e64,2
#f5e3e4,2
#f6e9f0,2
#9e4539,2
#f58833,2
#f1ce99,2
#8c0348,2
#8fd281,2
#54aa7b,2
#brewohabbat,2
#giveaway,2
#officefuel,2
#workperks,2
#freshstarts,2
#coffeesimplified,2
#dealoftheday,2
#noirazure,2
#onthegocoffee,2
#nospillsnostress,2
#travelwithcoffee,2
#mokapotmagic,2
#manualbrewgear,2
#cafevibesathome,2
#burrgrinder,2
#coffeemachine,2
#coffeefirst,2
#knowyourbrew,2
#baristatips,2
#baristagear,2
#caf,2
#coffeeculture,2
#baristalife,2
#coffeeobsessed,2
#homebaristagoals,2
#brewstories,2
#coffeeswitch,2
#brewgeartips,2
#espressoadvice,2
#mycoffeehack,2
#coffeetruths,2
#somethingbrewingstories,2
#homebaristatalk,2
#brewingrealness,2
#coffeeenthusiast,2
#baratzaencoreesp,2
#timemoreindia,2
#morningcoffeeroutine,2
#budancoffeemachine,2
#brewingjourney,2
#coffeeloversunite,2
#creativefuel,2
#homebaristagear,2
#coffeeaccessories,2
#coffeeupgrade,2
#officecoffeeupgrade,2
#dripcoffeemaker,2
#southindiancoffee,2
#homecoffeesetup,2
#workdaybrew,2
#homebaristaindia,2
#coffeeeducation,2
#brewright,2
#lightroastlove,2
#fellowstaggekg,2
#harioswitch,2
#coffeecraft,2
#coffeelove,2
#coffeescience,2
#espressomachineindia,2
#coffeestoriesindia,2
#coffeeknowledge,2
#nextlevelbrewing,2
#frenchpressvibes,2
#stovetopespresso,2
#staggekg,2
#fellowgear,2
#harioindia,2
#hariov60,2
#pourovergear,2
#japanesedesign,2
#precisionbrewing,2
#genzcoffeeclub,2
#coffeegearthatlasts,2
#mindfulbrewing,2
#slide,2
#successionplanning,2
#bonds,2
#taxes,2
#financialbudgeting,2
#financeleadership,2
#12daysofgiveaways,2
#lifeatinformaconnect,2
#okrs,1
#strategyexecution,1
#thehrobserver,1
#liverpooljohnmooresuniversity,1
#ljmu,1
#lcaps,1
#security,1
#onlinelearning,1
#qualitymanagement,1
#lean,1
#sixsigma,1
#businessimprovemennt,1
#mba,1
#customerexperience,1
#1f3a1f,1
#6b9465,1
#917c55,1
#e2e2d1,1
#004f35,1
#91c73f,1
#7db8df,1
#ffffff,1
#f9a1,1
#bi,1
#ih,1
#f,1
#v3,1
#pzcd,1
#att,1
#c,1
#q,1
#t,1
#tdv,1
#5t,1
#u,1
#k,1
#dd6,1
#4xo,1
#j,1
#quiz,1
#impactbrands,1
#environmentalmarketing,1
#brandingwisdom,1
#simplicityindesign,1
#tiptuesday,1
#consumerbehavior,1
#industrynews,1
#cgi,1
#cgimarketing,1
#designlegends,1
#nikeswoosh,1
#designhistory,1
#logoinspiration,1
#topicoverview,1
#close,1
#r,1
#about,1
#fromview,1
#283c69,1
#fac819,1
#73cde1,1
#f1fafc,1
#bentoboxui,1
#designthinking,1
#designingforchange,1
#sustainableliving,1
#rescriptrevolution,1
#valentinescolors,1
#officevalentine,1
#valentinesday,1
#logodesign,1
#starbucks,1
#agencylife,1
#copywriting,1
#agency,1
#sustainablelifestyle,1
#uiux,1
#teamworkmakesthedreamwork,1
#leapday,1
#2024inspo,1
#esg,1
#ux,1
#rescript,1
#brandstorytelling,1
#illustrator,1
#illustratortips,1
#keyboardshortcuts,1
#behance,1
#designproject,1
#instagramposts,1
#earthday2024,1
#nature,1
#pantoneaesthetic,1
#motiongraphics,1
#designjobs,1
#newhire,1
#teamouting,1
#retroaesthetic,1
#retrofonts,1
#marketingjobs,1
#growthmakreting,1
#growthmarketing,1
#sustainablehiring,1
#greenjobs,1
#greenhiring,1
#behindthescenes,1
#uxdesign,1
#teamwork,1
#lifestyle,1
#lifestylebytheearthcollective,1
#tailoredhaircare,1
#tecxupload,1
#impacthiring,1
#sustainablegifting,1
#stationerydesign,1
#fontfeature,1
#typographylove,1
#montserrat,1
#graphicdesign,1
#fontlove,1
#designessentials,1
#poppinsfont,1
#jaguarrebranding,1
#googlehacks,1
#robotofont,1
#b2b,1
#websiterevamp,1
#digitalagency,1
#jetapult,1
#isekai,1
#gamingvc,1
#uxuidesign,1
#websitedevelopment,1
#graphic,1
#graphicdesigner,1
#designshowcase,1
#mockupdesign,1
#websitedesigning,1
#websitedesignagency,1
#websitedesigns,1
#commonbrandmistakes,1
#brandmistakes,1
#brandmistakestoavoid,1
#freefonts,1
#freefontstyle,1
#freefontsfordesigners,1
#freefontsforyou,1
#spotifyplaylist,1
#spotifyplaylistcovers,1
#spotifyplaylistcoverdesign,1
#greenmarketing,1
#sustainabledesign,1
#creativeagency,1
#newlaunch,1
#sustainablestartups,1
#changingtheworld,1
#esgagencies,1
#sustainabledevelopment,1
#environmentalpolicy,1
#socialgovernance,1
#corporatesustainability,1
#esgcertification,1
#esgreporting,1
#newvertical,1
#purpose,1
#upload,1
#safety_considerations,1
#chat,1
#query,1
#personalisedhaircare,1
#beautytrends,1
#haircare2023,1
#scalptreatments,1
#healthyhair,1
#hairserum,1
#ecommercetrends,1
#supportingyourlifestyle,1
#dxbtoday,1
#brewohobbat,1
#espressomartini,1
#boysnight,1
#officeperks,1
#greatcoffeegreatwork,1
#coldbrewmadeeasy,1
#staycool,1
#brewforher,1
#lelitbianca,1
#nextgenbrewing,1
#brewwithsomethingsbrewing,1
#mokamoments,1
#classicbrew,1
#luxurybrew,1
#budangrinder,1
#coffeebargoals,1
#dailycoffeeupgrade,1
#brewtoperform,1
#fitnessfuel,1
#coffeebeforerun,1
#marathonmornings,1
#strongstartstrongsip,1
#coffeeforathletes,1
#budansetup,1
#budanathome,1
#audiophilebrews,1
#coffeethathits,1
#manualbrewmagic,1
#brewlikeyoulisten,1
#highfidelitycoffee,1
#sonicsips,1
#timemorec2s,1
#bettergrinding,1
#manualgrinder,1
#pouroverperfection,1
#v60brew,1
#artofbrewing,1
#historyofcoffee,1
#pourovermagic,1
#melittabentz,1
#coffeepioneers,1
#brewingrevolution,1
#coffeeinnovation,1
#classicbrewing,1
#homeespresso,1
#espressolover,1
#cafequality,1
#morningfuel,1
#caffeinekick,1
#stayproductive,1
#workmodeon,1
#coffeefacts,1
#sugarincoffee,1
#healthycoffee,1
#manualgrind,1
#timemorec3,1
#timemorec3s,1
#homebrewingtools,1
#manualbrewer,1
#electricgrinder,1
#espressotime,1
#homebrewsetups,1
#brewingupgrade,1
#smartbrewing,1
#coffeehacks,1
#coffeetalk,1
#coffeequiz,1
#brewstarter,1
#coffeechat,1
#brewingintro,1
#beginnerbarista,1
#budaninfinity,1
#workcoffeematters,1
#smartofficegear,1
#brewingefficiency,1
#officebreakupgrade,1
#35cupsaday,1
#premiumworkfuel,1
#teamproductivity,1
#lobbyvibes,1
#budanm50,1
#coffeeexperience,1
#hospitalityupgrade,1
#selfservecoffee,1
#firstsipmagic,1
#guestperks,1
#welcomewithcoffee,1
#baristastylelobby,1
#espressolove,1
#cafevibes,1
#pressureperfect,1
#sustainablecoffee,1
#earthdaytips,1
#ecobrew,1
#coffeegroundsreuse,1
#planetfriendly,1
#greenbrewing,1
#noplasticcups,1
#coffeefortheplanet,1
#homebrewstarter,1
#coffeewalkthrough,1
#somethingbrewingexperience,1
#coffeemachinedemo,1
#brewbetterathome,1
#nowastecoffee,1
#coffeefirstsipfeels,1
#lamarzoccomini,1
#lineaminiathome,1
#luxurycoffeemachine,1
#dualboilerpower,1
#pidprecision,1
#espressoelite,1
#silvercoffeegear,1
#italiancoffeemachine,1
#baristagearindia,1
#coffeegearmatters,1
#frenchpresslovers,1
#grindandbrew,1
#delonghiindia,1
#yourbrewyourway,1
#brewwithsb,1
#coffeelifeindia,1
#coffeegearshowcase,1
#aficionadolife,1
#portablebrewer,1
#nespressoindia,1
#lelitespressomachine,1
#coffeegrindersindia,1
#brewcompanion,1
#espressolovers,1
#coffeesetupindia,1
#homebrew,1
#brewingmadeeasy,1
#homecafe,1
#nespressocompatible,1
#coffeegoals,1
#brewboldbreweasy,1
#coffeeandproductivity,1
#caffeinemotivation,1
#coffeeforfocus,1
#bestofficecoffee,1
#workplacecaffeinefix,1
#coffeefuelledworkday,1
#productivityboost,1
#mindfulmornings,1
#brewbreak,1
#workdaywellness,1
#slowdownsipup,1
#coffeeforthesoul,1
#baristaessentials,1
#espressosetup,1
#lattearttools,1
#perfectyourbrew,1
#brewtoolsthatmatter,1
#tamplikeapro,1
#elizabethbylelit,1
#workfromhomegear,1
#wfhsetup,1
#baristalevelbrewing,1
#coffeeproductivity,1
#homeofficecaf,1
#budanmokapot,1
#espressovibes,1
#stovetopbrew,1
#homecaf,1
#brewrituals,1
#manualbrewlove,1
#workfromhomefuel,1
#coffeemachinegoals,1
#espressomachinelove,1
#productivitybrew,1
#caffeineandconquer,1
#ranciliosilvia,1
#espressomachine,1
#indiecoffeeculture,1
#homebrewcrew,1
#filtercoffeevibes,1
#homebrewer,1
#coffeecommunityindia,1
#filtercoffeeindia,1
#homebrewhustle,1
#indiancoffeevibes,1
#desksetupgoals,1
#brewroutine,1
#budancoffeemaker,1
#homebrewsetup,1
#grindbrewrepeat,1
#findyourbrew,1
#thirdwavecoffeeindia,1
#budaninfinitypro,1
#officecoffeesetup,1
#smartcoffeemachine,1
#touchscreencoffee,1
#coffeeforteams,1
#coffeeloversclub,1
#cappuccinotime,1
#kitcheninspo,1
#minimalistbrews,1
#grindbetterbrewbetter,1
#coffeeallday,1
#pourovertoespresso,1
#brewinggearindia,1
#baratzagrinder,1
#aficionadoapproved,1
#coffeedropalert,1
#roasterroundup,1
#newbeanswhodis,1
#coffeeroastersofindia,1
#brewnewthings,1
#caffeinechaos,1
#coffeecombos,1
#coffeemyths,1
#homebrewfails,1
#coffeeflavourmatters,1
#coffeeroasting,1
#pouroverproblems,1
#homebrewingindi,1
#homebrewgear,1
#coffeebrewingcommunity,1
#aestheticbrewing,1
#immersiondrip,1
#coffeetoolsindia,1
#pourovercoffee,1
#immersionbrew,1
#brewtofocus,1
#brewingrituals,1
#coffeeandcalm,1
#coffeelifestyle,1
#coffeeclarity,1
#coffeenerdsunite,1
#baristawisdom,1
#brewingmatters,1
#clearcoffee,1
#relatablecoffee,1
#notamorningperson,1
#mugmood,1
#coffeehumor,1
#coffeeeveryday,1
#homebrewingvibes,1
#coffeemood,1
#coffeequotes,1
#coffeearomatics,1
#smellthebrew,1
#brewwithsenses,1
#coffeechemistry,1
#flavormatters,1
#coffeenotes,1
#sensorycoffee,1
#baristaknowledge,1
#aeropressindia,1
#specialtycoffeegear,1
#homebrewessentials,1
#baristaapproved,1
#frenchpresscoffee,1
#brewanywhere,1
#travelbrewer,1
#portablecoffeegear,1
#brewcontrol,1
#slowmornings,1
#coffeezen,1
#pourovervibes,1
#precisionpour,1
#gooseneckgoals,1
#kettlegoals,1
#designmeetsbrew,1
#specialtycoffeetools,1
#brewerlife,1
#indiancoffeeroasters,1
#coffeebeansonline,1
#brewlocal,1
#coffeevariety,1
#homebrewingessentials,1
#coffeeexplorer,1
#budana3,1
#coffeeatwork,1
#beantocup,1
#espressolife,1
#workbrewbalance,1
#brewfocus,1
#smartcoffeetools,1
#budanb6,1
#smartbrewmachine,1
#coffeepersonalised,1
#mycoffeeroutine,1
#coffeesettings,1
#dailycoffeerituals,1
#homebrewertalks,1
#coffeeinterview,1
#homebrewtips,1
#brewwithpurpose,1
#coffeerules,1
#coffeecrimes,1
#nomilkplease,1
#espressoculture,1
#coffeeexplained,1
#roastmatters,1
#coffeecombofails,1
#brewingmistakes,1
#espressogear,1
#seriouscoffeeonly,1
#baristavibes,1
#steamwandflex,1
#espressoshot,1
#coffeerig,1
#geardrop,1
#portafilterlife,1
#cafeathome,1
#espressojourney,1
#entrylevelespresso,1
#smoothshots,1
#brewingconfidence,1
#nobaristanoproblem,1
#coffeestarterkit,1
#newtobrewing,1
#espressohomelife,1
#geargoals,1
#brewsetup,1
#budanbrew,1
#coffeeflow,1
#morningrituals,1
#brewandchill,1
#frenchpresslove,1
#cozybrews,1
#boldcoffee,1
#homebrewinglife,1
#nonoisejustcoffee,1
#brewtime,1
#brewingbasics,1
#slowmorningbrew,1
#budanclassics,1
#mokapotvibes,1
#oldschoolbrew,1
#boldcoffeeonly,1
#budanbrewgear,1
#mokalife,1
#strongsips,1
#brewingdaily,1
#retrocoffee,1
#fellowonsb,1
#coffeegeargoals,1
#brewprecision,1
#brewlikeabarista,1
#coffeedesignmatters,1
#baristasetup,1
#brewtools,1
#pouroverlife,1
#seriousbrewing,1
#brewbar,1
#cleangear,1
#coldbrewlife,1
#harioonsb,1
#cafetools,1
#cremadecoded,1
#espressoscience,1
#coffeenerdstuff,1
#dialintime,1
#shotdetails,1
#homebaristatips,1
#cremamatters,1
#coffeeextraction,1
#puckprep,1
#baristabreakdown,1
#brewtalk,1
#espressotips,1
#maincharacterenergy,1
#coffeescene,1
#homebrewedvibes,1
#somethingbrewed,1
#softmorningbrews,1
#sbmood,1
#brewingmoments,1
#slowsiplife,1
#coffeeforyou,1
#quiettimebrew,1
#cinematiccoffee,1
#cozyscenes,1
#coffeegeardrop,1
#coffeetoolsmatter,1
#wdttool,1
#dosingringmagic,1
#brewconsistency,1
#gearupgrade,1
#homebaristaessentials,1
#dialedinbrew,1
#grindcontrol,1
#brewtools101,1
#gearthatworks,1
#pidcontrol,1
#cremachasers,1
#semiautoespresso,1
#budanespressomachine,1
#espressoupgrade,1
#compactcoffeepower,1
#genzbrews,1
#coffeefixfast,1
#homebrewroutine,1
#caffeinefirst,1
#coffeesituationship,1
#brewwithoutbaggage,1
#frenchpressaddict,1
#coffeeeverymeal,1
#brewbroenergy,1
#caffeineoverload,1
#productivityfuel,1
#homebrewritual,1
#broswhobrew,1
#coffeeunboxing,1
#coffeeaesthetic,1
#brewupgrade,1
#coffeegifting,1
#minimalbrewtools,1
#budanbox,1
#sbstorevibes,1
#bangalorebrews,1
#brewwithstyle,1
#caffeineinstyle,1
#brewtifulspaces,1
#socialmediaconfusion,1
#contentteamchronicles,1
#brewteamvibes,1
#officememereel,1
#coffeebeforecontent,1
#genzworkculture,1
#brewingonbrand,1
#sbreels,1
#homebrewerspotlight,1
#brewwithprithvi,1
#homebrewingcommunity,1
#creativebrews,1
#manualcoffeeindia,1
#explorerboxplug,1
#designdrivenbrewing,1
#coffeeartistry,1
#cartermug,1
#moderncoffeetools,1
#brewwithfellow,1
#brewwithprecision,1
#mizudashicoldbrew,1
#coldbrewseason,1
#mokapot,1
#coffeehistory,1
#bialetti,1
#italiancoffee,1
#brewingtradition,1
#forbiddencoffeecombo,1
#hazelnutcoffee,1
#lemoncoffee,1
#coffeeflavourpairing,1
#flavouredcoffee,1
#coffeedoanddonts,1
#coffeehack,1
#coffeegrinder,1
#manualvselectric,1
#freshgroundcoffee,1
#onetouchcoffee,1
#brewingsimplified,1
#budankettle,1
#temperaturecontrolkettle,1
#coffeebrewing,1
#slowcoffee,1
#coffeemoments,1
#coffeevibes,1
#coffeeperson,1
#coffeepassion,1
#coffeeandwater,1
#watermatters,1
#3in1coffee,1
#capsulecoffee,1
#filtercoffee,1
#coffeetradition,1
#20,1
#2b28b9,1
#ccccff,1
#ffcc99,1
#f55200,1
#9,1
#551,1
#fe91dd,1
#174,1
#informac,1
#informaconnectac,1
#kingscollege,1
#cmiia,1
#bsp,1
#transformation,1
#trainers,1
#l,1
#fixedincome,1
#investing,1
#invest,1
#supply,1
#chain,1
#excel,1
#strategicplanning,1
#erm,1
#arabic,1
#partnership,1
#informa,1
#it,1
#dmi,1
#modelrisk,1
#confidence,1
#iso31000,1
#performanceexcellence,1
#iff,1
#advancedaudit,1
#financialanalysis,1
#financialstatements,1
#financialliteracy,1
#interactivedashboards,1
#budgetingexperts,1
#learninarabic,1
#amltrends2025,1
#financialcrime,1
#futureoffinance,1
#pmo,1
#dubaitraining,1
#inflightretail,1
#inflightadvertising,1
#inflightentertainment,1
#7c8034,1
#d6af23,1
#3d3d3d,1
#f37121,1
#756149,1
#fnp,1
